<?xml version="1.0" encoding="UTF-8"?>
<beans xmlns="http://www.springframework.org/schema/beans"
       xmlns:xsi="http://www.w3.org/2001/XMLSchema-instance"
       xmlns:tx="http://www.springframework.org/schema/tx"
       xsi:schemaLocation="
        http://www.springframework.org/schema/beans 
        https://www.springframework.org/schema/beans/spring-beans.xsd
        http://www.springframework.org/schema/tx 
        https://www.springframework.org/schema/tx/spring-tx.xsd">

    <bean id="dataSource" class="org.apache.commons.dbcp2.BasicDataSource">
        <property name="driverClassName" value="com.mysql.cj.jdbc.Driver"/>
        <property name="url" value="jdbc:mysql://localhost:3306/ormdb"/>
        <property name="username" value="root"/>
        <property name="password" value="root"/>
    </bean>

    <bean id="sessionFactory" class="org.springframework.orm.hibernate5.LocalSessionFactoryBean">
        <property name="dataSource" ref="dataSource"/>
        <property name="packagesToScan" value="Entity"/>
        <property name="hibernateProperties">
            <props>
                <prop key="hibernate.dialect">org.hibernate.dialect.MySQL8Dialect</prop>
                <prop key="hibernate.hbm2ddl.auto">update</prop>
                <prop key="hibernate.show_sql">true</prop>
            </props>
        </property>
    </bean>

    <bean id="transactionManager" class="org.springframework.orm.hibernate5.HibernateTransactionManager">
        <property name="sessionFactory" ref="sessionFactory"/>
    </bean>

    <tx:annotation-driven transaction-manager="transactionManager"/>

    <bean id="questionDao" class="Dao.QuestionDao">
        <property name="hibernateTemplate">
            <bean class="org.springframework.orm.hibernate5.HibernateTemplate">
                <property name="sessionFactory" ref="sessionFactory"/>
            </bean>
        </property>
    </bean>
</beans>
